video_id,participant_id,video_id_raw,select_noun_time,knowledge_base_time,combine_actions_time,score_actions_time,total_inference_time,video_duration,video_duration_from_frames,frame_count,real_time_factor,is_realtime
P01_11_0,P01,P01_11,1.0985136032104492,3.337860107421875e-06,0.5148816108703613,1.5348289012908936,3.2555086612701416,1.89,1.8666666666666667,112,1.7224913551693872,False
P01_11_1,P01,P01_11,0.7217254638671875,2.1457672119140625e-06,0.5151145458221436,1.5440995693206787,2.7857391834259033,0.8900000000000001,0.9,54,3.1300440263212392,False
P01_11_10,P01,P01_11,0.7425155639648438,2.384185791015625e-06,0.523216724395752,1.5675244331359863,2.8552422523498535,1.8000000000000043,1.8,108,1.586245695749915,False
P01_11_100,P01,P01_11,0.7575430870056152,3.4985055923461914,0.4529237747192383,1.5301358699798584,6.266328573226929,4.690000000000055,4.7,282,1.336104173395918,False
P01_11_101,P01,P01_11,0.7798819541931152,2.86102294921875e-06,0.5071015357971191,2.4432573318481445,3.7352066040039062,2.490000000000009,2.4833333333333334,149,1.5000829734955392,False
P01_11_102,P01,P01_11,0.7470426559448242,3.2149105072021484,0.47499895095825195,1.5475938320159912,6.011638402938843,4.399999999999977,4.4,264,1.3662814552133804,False
P01_11_103,P01,P01_11,0.7624130249023438,3.0994415283203125e-06,0.48575592041015625,1.5586662292480469,2.8119776248931885,5.579999999999984,5.583333333333333,335,0.5039386424539779,True
P01_11_104,P01,P01_11,0.7833950519561768,2.384185791015625e-06,0.4954051971435547,1.5038275718688965,2.786863327026367,6.990000000000009,6.983333333333333,419,0.3986928937090649,True
P01_11_105,P01,P01_11,0.8225688934326172,2.6226043701171875e-06,0.5039112567901611,1.5629007816314697,2.9120254516601562,7.430000000000007,7.433333333333334,446,0.3919280554051351,True
P01_11_106,P01,P01_11,0.7759592533111572,3.664628744125366,0.47954249382019043,2.371814250946045,7.313668966293335,1.6399999999999864,1.65,99,4.4595542477398755,False
P01_11_107,P01,P01_11,0.7690677642822266,2.384185791015625e-06,0.5029287338256836,2.416656494140625,3.6929125785827637,2.3999999999999773,2.4,144,1.5387135744094995,False
P01_11_108,P01,P01_11,0.7626826763153076,3.0994415283203125e-06,0.5024728775024414,2.425783395767212,3.6944148540496826,1.2699999999999818,1.2666666666666666,76,2.9089880740549097,False
P01_11_109,P01,P01_11,0.8346354961395264,3.708590269088745,0.5353219509124756,1.5737886428833008,6.656399250030518,6.590000000000032,6.6,396,1.0100757587299674,False
P01_11_11,P01,P01_11,0.7119028568267822,3.1835975646972656,0.46785831451416016,1.5114991664886475,5.879108190536499,0.8900000000000006,0.8833333333333333,53,6.6057395399286465,False
P01_11_110,P01,P01_11,0.7454922199249268,2.6226043701171875e-06,0.48174500465393066,2.378969669342041,3.6100103855133057,1.1599999999999682,1.1666666666666667,70,3.1120779185460385,False
P01_11_111,P01,P01_11,0.7944774627685547,3.5762786865234375e-06,0.4919297695159912,1.5318732261657715,2.846205949783325,2.07000000000005,2.066666666666667,124,1.3749787197020562,False
P01_11_112,P01,P01_11,0.836855411529541,3.0994415283203125e-06,0.5312697887420654,1.5455918312072754,2.9174978733062744,7.7900000000000205,7.783333333333333,467,0.3745183406041421,True
P01_11_113,P01,P01_11,0.7473726272583008,3.794145345687866,0.4500455856323242,1.4783201217651367,6.499155759811401,1.0,1.0,60,6.499155759811401,False
P01_11_114,P01,P01_11,0.8661508560180664,3.053419589996338,0.48207998275756836,1.5450267791748047,5.950594425201416,0.75,0.75,45,7.934125900268555,False
P01_11_115,P01,P01_11,0.7150371074676514,2.6226043701171875e-06,0.48323559761047363,2.3534507751464844,3.5556390285491943,0.5600000000000023,0.5666666666666667,34,6.349355408123536,False
P01_11_116,P01,P01_11,0.7577555179595947,3.360565185546875,0.4677152633666992,1.522386074066162,6.111430644989014,0.6700000000000159,0.6666666666666666,40,9.12153827610279,False
P01_11_117,P01,P01_11,0.760068416595459,2.86102294921875e-06,0.4833226203918457,2.4142794609069824,3.6609816551208496,1.079999999999984,1.0666666666666667,64,3.3897978288156514,False
P01_11_118,P01,P01_11,0.7667677402496338,3.337860107421875e-06,0.45708537101745605,2.3490071296691895,3.600186586380005,3.650000000000034,3.65,219,0.9863524894191702,True
P01_11_119,P01,P01_11,0.7532429695129395,5.4836273193359375e-06,0.4938058853149414,1.5560173988342285,2.8059263229370117,1.7200000000000273,1.7166666666666666,103,1.631352513335446,False
P01_11_12,P01,P01_11,0.7567107677459717,2.86102294921875e-06,0.498868465423584,1.537566900253296,2.7967429161071777,1.0500000000000043,1.05,63,2.6635646820068253,False
P01_11_120,P01,P01_11,0.7368779182434082,2.86102294921875e-06,0.46213245391845703,1.4904289245605469,2.6930015087127686,1.0500000000000114,1.05,63,2.5647633416311804,False
P01_11_121,P01,P01_11,0.7556483745574951,6.835018634796143,0.4849371910095215,1.5367169380187988,9.63904595375061,1.259999999999991,1.2666666666666666,76,7.650036471230698,False
P01_11_122,P01,P01_11,0.8080031871795654,3.1548187732696533,0.4921681880950928,2.4386143684387207,6.897459506988525,2.1200000000000045,2.1166666666666667,127,3.2535186353719387,False
P01_11_123,P01,P01_11,0.7814953327178955,3.222188711166382,0.44788479804992676,1.504497766494751,5.9593000411987305,3.1100000000000136,3.1166666666666667,187,1.9161736466876862,False
P01_11_124,P01,P01_11,0.7586896419525146,2.86102294921875e-06,0.491013765335083,1.5313215255737305,2.7843782901763916,3.2900000000000205,3.3,198,0.8463155897192627,True
P01_11_125,P01,P01_11,0.724372148513794,3.3157145977020264,0.4530963897705078,1.4917964935302734,5.987934827804565,2.990000000000009,3.0,180,2.0026537885633937,False
P01_11_126,P01,P01_11,0.7469682693481445,3.494230270385742,0.5092401504516602,2.4265809059143066,7.179826259613037,1.660000000000025,1.6666666666666667,100,4.325196541935499,False
P01_11_127,P01,P01_11,0.8427846431732178,2.86102294921875e-06,0.4947547912597656,2.408851146697998,3.750615119934082,17.75999999999999,17.766666666666666,1066,0.21118328378007228,True
P01_11_128,P01,P01_11,0.8153610229492188,3.373015880584717,0.4913327693939209,1.5368006229400635,6.219327926635742,14.03000000000003,14.033333333333333,842,0.4432878066026892,True
P01_11_129,P01,P01_11,0.792762279510498,3.3993396759033203,0.4928131103515625,1.567591905593872,6.2558207511901855,1.2999999999999545,1.3,78,4.812169808608004,False
P01_11_13,P01,P01_11,0.7360734939575195,2.86102294921875e-06,0.5246760845184326,1.5450127124786377,2.8093373775482178,0.6899999999999977,0.6833333333333333,41,4.071503445722068,False
P01_11_130,P01,P01_11,0.7837958335876465,6.8156654834747314,0.4788787364959717,1.5107486248016357,9.592143058776855,5.3700000000000045,5.366666666666666,322,1.786246379660493,False
P01_11_131,P01,P01_11,0.7704586982727051,2.86102294921875e-06,0.4693911075592041,2.3612937927246094,3.604086399078369,2.390000000000043,2.3833333333333333,143,1.5079859410369474,False
P01_11_132,P01,P01_11,0.8383791446685791,3.17834734916687,0.46228742599487305,1.5169439315795898,6.022757053375244,17.069999999999993,17.083333333333332,1025,0.352827009570899,True
P01_11_133,P01,P01_11,0.7506797313690186,3.0994415283203125e-06,0.5180881023406982,2.4704246520996094,3.7582273483276367,1.25,1.25,75,3.0065818786621095,False
P01_11_134,P01,P01_11,0.7864909172058105,3.037510633468628,0.49506354331970215,1.5487761497497559,5.871575832366943,16.909999999999968,16.916666666666668,1015,0.34722506400750763,True
P01_11_135,P01,P01_11,0.7642087936401367,3.3419814109802246,0.444197416305542,2.4002692699432373,6.953715801239014,5.190000000000055,5.2,312,1.3398296341500848,False
P01_11_136,P01,P01_11,0.7950291633605957,3.5762786865234375e-06,0.5241000652313232,2.4728336334228516,3.7954022884368896,8.029999999999973,8.033333333333333,482,0.47265283791244117,True
P01_11_137,P01,P01_11,0.7992942333221436,3.5762786865234375e-06,0.45970702171325684,2.3758158683776855,3.6382458209991455,7.689999999999998,7.683333333333334,461,0.4731138908971582,True
P01_11_138,P01,P01_11,0.790900468826294,2.6226043701171875e-06,0.49535465240478516,2.4240756034851074,3.713930606842041,1.75,1.75,105,2.122246061052595,False
P01_11_139,P01,P01_11,0.8526387214660645,3.337860107421875e-06,0.520437479019165,2.4459900856018066,3.823401689529419,15.180000000000064,15.183333333333334,911,0.2518709940401451,True
P01_11_14,P01,P01_11,0.7753934860229492,7.212661504745483,0.49494242668151855,2.3757715225219727,10.862016677856445,0.7899999999999991,0.7833333333333333,47,13.7493881998183,False
P01_11_140,P01,P01_11,0.8087635040283203,3.5762786865234375e-06,0.5551614761352539,2.462040662765503,3.8288209438323975,1.67999999999995,1.6833333333333333,101,2.27906008561459,False
P01_11_141,P01,P01_11,0.7462215423583984,3.0994415283203125e-06,0.5623512268066406,2.4412841796875,3.7531545162200928,2.980000000000018,2.9833333333333334,179,1.2594478242349227,False
P01_11_142,P01,P01_11,0.8150427341461182,3.337860107421875e-06,0.4915189743041992,2.337235927581787,3.6469664573669434,3.5499999999999545,3.55,213,1.027314495032955,False
P01_11_143,P01,P01_11,0.8099095821380615,3.070248603820801,0.49331235885620117,1.5549750328063965,5.931354284286499,2.3799999999999955,2.3833333333333333,143,2.492165665666601,False
P01_11_144,P01,P01_11,0.7737541198730469,3.0994415283203125e-06,0.4717836380004883,1.5197169780731201,2.7685766220092773,3.4599999999999227,3.466666666666667,208,0.8001666537599246,True
P01_11_145,P01,P01_11,0.7740364074707031,3.0994415283203125e-06,0.46895909309387207,1.4983487129211426,2.7438011169433594,1.75,1.75,105,1.5678863525390625,False
P01_11_146,P01,P01_11,0.7554459571838379,3.0994415283203125e-06,0.48519420623779297,1.5527784824371338,2.8538804054260254,2.5,2.5,150,1.1415521621704101,False
P01_11_147,P01,P01_11,0.7893960475921631,3.395775079727173,0.4816551208496094,1.5551652908325195,6.224776268005371,2.5,2.5,150,2.4899105072021483,False
P01_11_15,P01,P01_11,0.7530195713043213,2.86102294921875e-06,0.5392518043518066,1.586256504058838,2.8815181255340576,1.2199999999999989,1.2333333333333334,74,2.3619001028967705,False
P01_11_16,P01,P01_11,0.8385331630706787,3.337860107421875e-06,0.5521583557128906,1.6047601699829102,2.9977004528045654,1.0,1.0,60,2.9977004528045654,False
P01_11_17,P01,P01_11,0.7709217071533203,2.86102294921875e-06,0.5451977252960205,1.597705364227295,2.9303295612335205,1.8900000000000006,1.9,114,1.5504389212875764,False
P01_11_18,P01,P01_11,0.7840671539306641,3.337860107421875e-06,0.5316994190216064,1.602642297744751,2.9207210540771484,1.0500000000000043,1.05,63,2.7816390991210826,False
P01_11_19,P01,P01_11,0.7950329780578613,2.6226043701171875e-06,0.5042262077331543,1.592437744140625,2.8945157527923584,1.5500000000000043,1.55,93,1.8674295179305487,False
P01_11_2,P01,P01_11,0.8027818202972412,3.0994415283203125e-06,0.4800889492034912,1.5196354389190674,2.8297860622406006,10.819999999999999,10.816666666666666,649,0.2615329077856378,True
P01_11_20,P01,P01_11,0.7513852119445801,3.0994415283203125e-06,0.4548492431640625,1.485710859298706,2.6947994232177734,1.7800000000000011,1.7833333333333334,107,1.5139322602347032,False
P01_11_21,P01,P01_11,0.734285831451416,3.5762786865234375e-06,0.4582102298736572,1.4854161739349365,2.681084632873535,1.3800000000000097,1.3666666666666667,82,1.9428149513576205,False
P01_11_22,P01,P01_11,0.7389912605285645,2.86102294921875e-06,0.5021243095397949,1.4857969284057617,2.729515314102173,1.5699999999999932,1.5666666666666667,94,1.7385447860523469,False
P01_11_23,P01,P01_11,0.7303147315979004,3.309077739715576,0.5143189430236816,2.4534010887145996,7.009390592575073,1.6299999999999955,1.6166666666666667,97,4.3002396273466825,False
P01_11_24,P01,P01_11,0.7611572742462158,3.4714512825012207,0.4828159809112549,2.3773598670959473,7.110798597335815,5.259999999999991,5.266666666666667,316,1.35186285120453,False
P01_11_25,P01,P01_11,0.7674603462219238,3.330904960632324,0.46097564697265625,1.5061571598052979,6.067304849624634,1.5400000000000063,1.55,93,3.939808343912084,False
P01_11_26,P01,P01_11,0.6918041706085205,1.430511474609375e-06,0.45914721488952637,2.313654899597168,3.4674761295318604,1.4300000000000068,1.4333333333333333,86,2.4248084821901004,False
P01_11_27,P01,P01_11,0.7794997692108154,1.430511474609375e-06,0.49831128120422363,1.5219922065734863,2.802980422973633,2.0700000000000074,2.066666666666667,124,1.3540968226925714,False
P01_11_28,P01,P01_11,0.8042488098144531,2.1457672119140625e-06,0.5147857666015625,2.381744623184204,3.7035751342773438,2.5,2.5,150,1.4814300537109375,False
P01_11_29,P01,P01_11,0.7680606842041016,2.1457672119140625e-06,0.6110420227050781,1.6095130443572998,2.9907689094543457,1.3799999999999955,1.3833333333333333,83,2.1672238474306926,False
P01_11_3,P01,P01_11,0.7321572303771973,1.9073486328125e-06,0.5968139171600342,1.6478934288024902,2.978964328765869,1.0600000000000005,1.0666666666666667,64,2.810343706382894,False
P01_11_30,P01,P01_11,0.8039543628692627,1.430511474609375e-06,0.5327975749969482,1.5587663650512695,2.898406505584717,4.070000000000007,4.066666666666666,244,0.7121391905613542,True
P01_11_31,P01,P01_11,0.7223296165466309,2.6226043701171875e-06,0.4911649227142334,1.5152788162231445,2.731135845184326,0.9699999999999989,0.9666666666666667,58,2.815603964107556,False
P01_11_32,P01,P01_11,0.8282041549682617,1.9073486328125e-06,0.5361335277557373,1.5550563335418701,2.9212822914123535,1.0,1.0,60,2.9212822914123535,False
P01_11_33,P01,P01_11,0.7734887599945068,2.384185791015625e-06,0.5359063148498535,1.5536963939666748,2.866018533706665,4.719999999999999,4.716666666666667,283,0.6072073164632766,True
P01_11_34,P01,P01_11,0.7569410800933838,1.6689300537109375e-06,0.5294861793518066,2.3938722610473633,3.6821913719177246,1.019999999999996,1.0166666666666666,61,3.6099915410958223,False
P01_11_35,P01,P01_11,0.7286064624786377,1.430511474609375e-06,0.5114908218383789,1.537313461303711,2.7801856994628906,1.0800000000000125,1.0666666666666667,64,2.574246018021165,False
P01_11_36,P01,P01_11,0.7594926357269287,1.6689300537109375e-06,0.5386683940887451,1.5699174404144287,2.8700270652770996,0.710000000000008,0.7166666666666667,43,4.042291641235306,False
P01_11_37,P01,P01_11,0.7831611633300781,1.9073486328125e-06,0.5550177097320557,2.5327579975128174,3.8733880519866943,2.5,2.5,150,1.5493552207946777,False
P01_11_38,P01,P01_11,0.7541446685791016,1.6689300537109375e-06,0.5546119213104248,2.521347999572754,3.832242250442505,1.0499999999999972,1.05,63,3.649754524230967,False
P01_11_39,P01,P01_11,0.8030450344085693,3.0994415283203125e-06,0.5586247444152832,2.465324640274048,3.83046817779541,1.0,1.0,60,3.83046817779541,False
P01_11_4,P01,P01_11,0.8930790424346924,1.9073486328125e-06,0.5050384998321533,1.5428056716918945,2.9440932273864746,15.07,15.066666666666666,904,0.19536119624329626,True
P01_11_40,P01,P01_11,0.7386248111724854,1.1920928955078125e-06,0.500478982925415,1.5277445316314697,2.769498586654663,1.0,1.0,60,2.769498586654663,False
P01_11_41,P01,P01_11,0.7961657047271729,1.430511474609375e-06,0.5015175342559814,2.3315157890319824,3.631208896636963,0.75,0.75,45,4.841611862182617,False
P01_11_42,P01,P01_11,0.7466018199920654,1.430511474609375e-06,0.49847984313964844,2.349783420562744,3.596839666366577,1.0,1.0,60,3.596839666366577,False
P01_11_43,P01,P01_11,0.7576651573181152,1.6689300537109375e-06,0.520867109298706,2.397310972213745,3.678248882293701,0.6400000000000006,0.6333333333333333,38,5.747263878583903,False
P01_11_44,P01,P01_11,0.7852878570556641,3.8335437774658203,0.4916219711303711,2.3646838665008545,7.477456569671631,0.75,0.75,45,9.969942092895508,False
P01_11_45,P01,P01_11,0.8111951351165771,1.430511474609375e-06,0.5098156929016113,2.407036542892456,3.729940891265869,1.75,1.75,105,2.131394795009068,False
P01_11_46,P01,P01_11,0.8374474048614502,1.1920928955078125e-06,0.49857234954833984,1.533951759338379,2.8728156089782715,6.389999999999986,6.383333333333334,383,0.44957990750833765,True
P01_11_47,P01,P01_11,0.7505948543548584,1.6689300537109375e-06,0.516970157623291,1.543978214263916,2.813398838043213,1.079999999999984,1.0833333333333333,65,2.6049989241141245,False
P01_11_48,P01,P01_11,0.8197765350341797,2.1457672119140625e-06,0.5017666816711426,1.537346601486206,2.861119508743286,4.579999999999984,4.583333333333333,275,0.6246985826950429,True
P01_11_49,P01,P01_11,0.7561545372009277,1.430511474609375e-06,0.5091626644134521,2.419379711151123,3.686960220336914,1.0699999999999932,1.0666666666666667,64,3.445757215268166,False
P01_11_5,P01,P01_11,0.7624433040618896,2.86102294921875e-06,0.5220563411712646,2.3676223754882812,3.6750330924987793,1.1499999999999986,1.15,69,3.1956809499989425,False
P01_11_50,P01,P01_11,0.7551467418670654,1.6689300537109375e-06,0.5178406238555908,2.41935658454895,3.6944339275360107,0.9300000000000068,0.9333333333333333,56,3.9725095995010578,False
P01_11_51,P01,P01_11,0.8016273975372314,1.6689300537109375e-06,0.519540548324585,1.5630130767822266,2.886054277420044,1.2900000000000205,1.2833333333333334,77,2.23725137784496,False
P01_11_52,P01,P01_11,0.7924528121948242,2.1457672119140625e-06,0.5062146186828613,2.4188382625579834,3.719879627227783,1.410000000000025,1.4166666666666667,85,2.6382125015799414,False
P01_11_53,P01,P01_11,0.9008734226226807,1.6689300537109375e-06,0.5199935436248779,1.5711469650268555,2.9949541091918945,6.099999999999994,6.1,366,0.4909760834740815,True
P01_11_54,P01,P01_11,0.8099613189697266,1.9073486328125e-06,0.558074951171875,1.5416362285614014,2.9115865230560303,0.789999999999992,0.7833333333333333,47,3.6855525608304553,False
P01_11_55,P01,P01_11,0.7649195194244385,1.6689300537109375e-06,0.5344252586364746,1.5701816082000732,2.871702194213867,0.7300000000000182,0.7333333333333333,44,3.933838622210679,False
