video_id,select_noun_time,knowledge_base_time,combine_actions_time,score_actions_time,total_inference_time,video_duration,frame_count,real_time_factor,is_realtime
P04-R06-GreekSalad-682170-683940-F016368-F016419,1.3404760360717773,2.384185791015625e-06,0.5527875423431396,2.5482306480407715,5.114477872848511,2.125,51,2.406813116634593,False
P04-R06-GreekSalad-69970-77130-F001662-F001869,1.2451436519622803,2.384185791015625e-06,0.5198805332183838,2.5315794944763184,4.89808201789856,8.625,207,0.5678935672925867,True
P04-R06-GreekSalad-767250-769130-F018410-F018464,1.28725266456604,3.7300004959106445,0.4798319339752197,2.4071943759918213,8.154043674468994,2.25,54,3.6240194108751087,False
P04-R06-GreekSalad-861590-864300-F020672-F020750,1.1989104747772217,2.6226043701171875e-06,0.536522388458252,2.517040252685547,4.593255043029785,3.25,78,1.4133092440091646,False
P04-R06-GreekSalad-967770-971840-F023216-F023335,1.2724647521972656,2.86102294921875e-06,0.5727202892303467,2.5563557147979736,4.82639479637146,4.958333333333333,119,0.9733905471673533,True
P04-R06-GreekSalad-971840-974170-F023319-F023386,1.430166482925415,3.337860107421875e-06,0.5893630981445312,2.61739182472229,4.988226413726807,2.7916666666666665,67,1.7868273720812442,False
P05-R01-PastaSalad-101915-123786-F002393-F003023,1.3934600353240967,3.4588205814361572,0.568321943283081,2.5943500995635986,8.662600040435791,26.25,630,0.3300038110642206,True
P05-R01-PastaSalad-1087378-1093795-F026082-F026267,1.463749647140503,3.067655086517334,0.5382180213928223,2.4823215007781982,8.038066387176514,7.708333333333333,185,1.0427761799580342,False
P05-R01-PastaSalad-1178767-1181856-F028283-F028372,1.419295072555542,3.917714834213257,0.543926477432251,2.530125141143799,8.728666543960571,3.7083333333333335,89,2.3537977197197044,False
P05-R01-PastaSalad-1188018-1191841-F028503-F028614,1.453850269317627,2.1457672119140625e-06,0.5182380676269531,1.6057755947113037,3.9201481342315674,4.625,111,0.8475995965906091,True
P05-R01-PastaSalad-1366454-1368950-F032788-F032861,1.484471082687378,3.364170789718628,0.5836424827575684,2.5554563999176025,8.272700309753418,3.0416666666666665,73,2.719791882658658,False
P05-R01-PastaSalad-160540-162131-F003848-F003896,1.4457743167877197,2.384185791015625e-06,0.5601551532745361,2.556396722793579,4.763277292251587,2.0,48,2.3816386461257935,False
P05-R01-PastaSalad-1642140-1647269-F039399-F039547,1.5038177967071533,2.384185791015625e-06,0.5740985870361328,1.6659698486328125,4.157645225524902,6.166666666666667,148,0.6742127392743085,True
P05-R01-PastaSalad-169741-171463-F004069-F004120,1.4370512962341309,2.86102294921875e-06,0.5868003368377686,2.5705199241638184,4.797357082366943,2.125,51,2.257579803466797,False
P05-R01-PastaSalad-173804-177635-F004162-F004273,1.4484899044036865,3.337860107421875e-06,0.5751059055328369,2.5394725799560547,4.914500713348389,4.625,111,1.062594748832084,False
P05-R01-PastaSalad-199215-202448-F004774-F004866,1.401580810546875,3.5762786865234375e-06,0.5913383960723877,2.593538999557495,4.90867805480957,3.8333333333333335,92,1.2805247099503227,False
P05-R01-PastaSalad-251286-261006-F006007-F006288,1.3824338912963867,3.0994415283203125e-06,0.5737791061401367,2.5747408866882324,5.153354644775391,11.708333333333334,281,0.4401441689487878,True
P05-R01-PastaSalad-281459-284512-F006748-F006836,1.5031304359436035,2.384185791015625e-06,0.6166362762451172,2.5789051055908203,5.050312280654907,3.6666666666666665,88,1.3773578947240657,False
P05-R01-PastaSalad-340330-344219-F008158-F008271,1.4747986793518066,2.86102294921875e-06,0.5714621543884277,2.5908594131469727,5.063218116760254,4.708333333333333,113,1.0753737593119124,False
P05-R01-PastaSalad-345907-349339-F008293-F008393,1.515190601348877,3.364341974258423,0.5685958862304688,1.705998182296753,7.4997334480285645,4.166666666666667,100,1.7999360275268554,False
P05-R01-PastaSalad-410560-417296-F009837-F010032,1.457289695739746,2.86102294921875e-06,0.5548698902130127,1.6970264911651611,4.159064292907715,8.125,195,0.5118848360501803,True
P05-R01-PastaSalad-574268-577060-F013776-F013856,1.4537315368652344,2.86102294921875e-06,0.5989987850189209,2.5600974559783936,4.9180755615234375,3.3333333333333335,80,1.4754226684570313,False
P05-R01-PastaSalad-644520-647456-F015461-F015546,1.4900009632110596,2.86102294921875e-06,0.5667521953582764,2.546800374984741,4.915820121765137,3.5416666666666665,85,1.3879962696748622,False
P05-R01-PastaSalad-874785-879475-F020983-F021119,1.4825439453125,3.4524402618408203,0.5798256397247314,1.6764512062072754,7.5753302574157715,5.666666666666667,136,1.3368229866027832,False
P05-R02-TurkeySandwich-276567-282554-F006623-F006796,1.5057263374328613,3.0994415283203125e-06,0.5761170387268066,2.5280795097351074,5.0735719203948975,7.208333333333333,173,0.7038481276848413,True
P05-R02-TurkeySandwich-447731-449540-F010741-F010793,1.4535489082336426,2.86102294921875e-06,0.597832441329956,2.5545709133148193,4.855427980422974,2.1666666666666665,52,2.2409667601952186,False
P05-R02-TurkeySandwich-496734-499255-F011915-F011989,1.4793286323547363,4.0531158447265625e-06,0.5569233894348145,2.5653750896453857,4.918267011642456,3.0833333333333335,74,1.5951136253975533,False
P05-R02-TurkeySandwich-73170-88496-F001720-F002160,1.4404256343841553,3.0994415283203125e-06,0.5922465324401855,2.555762529373169,5.212679862976074,18.333333333333332,440,0.2843279925259677,True
P06-R01-PastaSalad-105855-107865-F002535-F002594,1.455756425857544,3.487212657928467,0.5053651332855225,1.6089775562286377,7.36961555480957,2.4583333333333335,59,2.9978097172106724,False
P06-R01-PastaSalad-1273430-1275909-F030556-F030628,1.459545612335205,3.0994415283203125e-06,0.5815675258636475,2.5713281631469727,4.906051158905029,3.0,72,1.6353503863016765,False
P06-R01-PastaSalad-164905-169109-F003947-F004069,1.4263310432434082,3.0994415283203125e-06,0.5753300189971924,2.5811116695404053,4.98869252204895,5.083333333333333,122,0.9813821354850394,True
P06-R01-PastaSalad-180901-184815-F004332-F004445,1.5517094135284424,3.846658229827881,0.5567359924316406,2.565276861190796,8.874850273132324,4.708333333333333,113,1.884923951815715,False
P06-R01-PastaSalad-307357-316256-F007355-F007612,1.5036530494689941,3.1600701808929443,0.5534236431121826,2.535662889480591,8.489317178726196,10.708333333333334,257,0.7927767015152868,True
P06-R01-PastaSalad-339458-345999-F008131-F008319,1.4910802841186523,7.290867328643799,0.6235105991363525,2.6789634227752686,12.6292085647583,7.833333333333333,188,1.6122393912457407,False
P06-R01-PastaSalad-371706-375641-F008911-F009025,1.4987547397613525,3.337860107421875e-06,0.5985450744628906,2.569188117980957,5.033788442611694,4.75,114,1.0597449352866726,False
P06-R01-PastaSalad-456614-460421-F010949-F011060,1.4876899719238281,3.0994415283203125e-06,0.6051316261291504,2.5775985717773438,5.013810157775879,4.625,111,1.0840670611407306,False
P06-R01-PastaSalad-603550-606586-F014478-F014566,1.5100977420806885,1.9073486328125e-06,0.4382326602935791,2.364471435546875,4.699334383010864,3.6666666666666665,88,1.281636649912054,False
P06-R01-PastaSalad-813786-818190-F019520-F019647,1.4777612686157227,2.86102294921875e-06,0.6161398887634277,2.578202962875366,5.038779020309448,5.291666666666667,127,0.9522102085624153,True
P06-R01-PastaSalad-819808-822324-F019669-F019742,1.4662113189697266,2.86102294921875e-06,0.6116220951080322,2.604168653488159,5.019529581069946,3.0416666666666665,73,1.6502563006257358,False
P06-R01-PastaSalad-918067-920617-F022027-F022101,1.4977138042449951,2.86102294921875e-06,0.6102352142333984,2.607710361480713,5.087159872055054,3.0833333333333335,74,1.6498896882340714,False
P06-R01-PastaSalad-99825-102485-F002389-F002466,1.436995267868042,2.6226043701171875e-06,0.5278496742248535,2.4932548999786377,4.835014581680298,3.2083333333333335,77,1.5070175319523005,False
P06-R02-TurkeySandwich-102069-104027-F002445-F002501,1.5274507999420166,2.384185791015625e-06,0.5818994045257568,2.569885730743408,4.958226680755615,2.3333333333333335,56,2.1249542917524065,False
P06-R02-TurkeySandwich-135928-137478-F003259-F003303,1.4443185329437256,3.5762786865234375e-06,0.5444433689117432,2.5404515266418457,4.763559818267822,1.8333333333333333,44,2.5983053554188125,False
P06-R02-TurkeySandwich-177496-185411-F004240-F004469,1.5173301696777344,2.86102294921875e-06,0.6047518253326416,2.5887582302093506,5.2911903858184814,9.541666666666666,229,0.554535236941675,True
P06-R02-TurkeySandwich-211132-217667-F005052-F005240,1.4584894180297852,2.6226043701171875e-06,0.5947809219360352,2.5665996074676514,5.258941411972046,7.833333333333333,188,0.6713542228049421,True
P06-R02-TurkeySandwich-235751-239849-F005648-F005767,1.4566121101379395,3.0994415283203125e-06,0.5854918956756592,1.6752355098724365,4.097830295562744,4.958333333333333,119,0.8264531688529905,True
P06-R02-TurkeySandwich-297771-301222-F007138-F007238,1.4588420391082764,3.0994415283203125e-06,0.5590565204620361,2.5413880348205566,4.9236907958984375,4.166666666666667,100,1.1816857910156249,False
P06-R02-TurkeySandwich-379224-382619-F009093-F009191,1.4597394466400146,2.384185791015625e-06,0.6000609397888184,2.5593655109405518,5.00349760055542,4.083333333333333,98,1.2253463511564295,False
P06-R02-TurkeySandwich-53676-62239-F001268-F001514,1.3482847213745117,3.337860107421875e-06,0.5568864345550537,2.6135990619659424,5.147331953048706,10.25,246,0.5021787271267031,True
P06-R02-TurkeySandwich-85436-89225-F002041-F002151,1.5258729457855225,2.86102294921875e-06,0.5828216075897217,2.6174919605255127,5.135252952575684,4.583333333333333,110,1.1204188260165129,False
P07-R01-PastaSalad-1562795-1567945-F037495-F037643,1.3897337913513184,3.6174209117889404,0.5635280609130859,2.5305285453796387,8.574310541152954,6.166666666666667,148,1.3904287364031818,False
P07-R01-PastaSalad-1823550-1827770-F043755-F043877,1.456956386566162,3.5762786865234375e-06,0.5997750759124756,2.5575952529907227,5.010513544082642,5.083333333333333,122,0.985674795557241,True
P07-R01-PastaSalad-1916770-1933530-F045962-F046445,1.4203903675079346,2.384185791015625e-06,0.6369795799255371,1.7035737037658691,4.378718852996826,20.125,483,0.21757609207437645,True
P07-R01-PastaSalad-2159945-2164165-F051828-F051950,1.4466478824615479,2.86102294921875e-06,0.5711069107055664,2.5641708374023438,5.014845371246338,5.083333333333333,122,0.9865269582779682,True
P07-R01-PastaSalad-2242255-2248365-F053800-F053975,1.5468711853027344,13.345950841903687,0.5433862209320068,2.583557605743408,18.54079270362854,7.291666666666667,175,2.5427372850690566,False
P07-R01-PastaSalad-2354135-2355425-F056496-F056534,1.4583086967468262,6.6525232791900635,0.5179893970489502,2.5003252029418945,11.35490608215332,1.5833333333333333,38,7.171519630833676,False
P07-R01-PastaSalad-309960-320460-F007414-F007717,1.381476879119873,2.384185791015625e-06,0.5881519317626953,2.5506327152252197,5.029848337173462,12.625,303,0.3984038286870069,True
P07-R01-PastaSalad-320470-321770-F007688-F007726,1.4787876605987549,3.0994415283203125e-06,0.624265193939209,1.6919777393341064,4.035075426101685,1.5833333333333333,38,2.5484686901694853,False
P07-R01-PastaSalad-321775-326385-F007711-F007845,1.425001859664917,3.0994415283203125e-06,0.5829710960388184,2.5340733528137207,4.969084739685059,5.583333333333333,134,0.8899853265107568,True
P07-R01-PastaSalad-358730-365070-F008594-F008777,1.376307487487793,3.6202988624572754,0.5503928661346436,2.5579724311828613,8.63099718093872,7.625,183,1.1319340565165534,False
P07-R01-PastaSalad-426275-434115-F010211-F010438,1.4453067779541016,3.0994415283203125e-06,0.5210769176483154,2.4941487312316895,5.120677947998047,9.458333333333334,227,0.541393263224463,True
P08-R01-PastaSalad-1069706-1072412-F025666-F025744,1.5146822929382324,2.1457672119140625e-06,0.501997709274292,2.500683069229126,4.833865165710449,3.25,78,1.4873431279109075,False
P08-R01-PastaSalad-1356683-1359565-F032553-F032637,1.4630014896392822,3.0994415283203125e-06,0.5796399116516113,2.5340583324432373,4.897943735122681,3.5,84,1.3994124957493372,False
P08-R01-PastaSalad-137016-139957-F003281-F003366,1.4646177291870117,3.498936176300049,0.5849452018737793,2.595679998397827,8.470594644546509,3.5416666666666665,85,2.391697311401367,False
P08-R01-PastaSalad-190795-195501-F004568-F004704,1.5106103420257568,3.5762786865234375e-06,0.5473809242248535,2.536386251449585,4.996568202972412,5.666666666666667,136,0.881747329936308,True
P08-R01-PastaSalad-328896-333778-F007882-F008022,1.488220453262329,3.337860107421875e-06,0.5407381057739258,2.5494332313537598,5.008752346038818,5.833333333333333,140,0.8586432593209403,True
P08-R01-PastaSalad-55235-61529-F001310-F001492,1.386291742324829,2.6226043701171875e-06,0.5563623905181885,2.5182554721832275,5.080056190490723,7.583333333333333,182,0.6698975196251503,True
P08-R01-PastaSalad-564977-572860-F013540-F013768,1.4507741928100586,2.384185791015625e-06,0.5752303600311279,2.528235912322998,5.162323474884033,9.5,228,0.5434024710404245,True
P08-R01-PastaSalad-576771-580654-F013833-F013945,1.482971429824829,3.337860107421875e-06,0.5676023960113525,1.6737251281738281,4.15184760093689,4.666666666666667,112,0.8896816287721906,True
P08-R01-PastaSalad-67029-70735-F001599-F001707,1.512394905090332,18.4828679561615,0.5604279041290283,2.6342265605926514,23.562719345092773,4.5,108,5.236159854465061,False
P08-R01-PastaSalad-733843-734784-F017610-F017637,1.460956335067749,3.4788098335266113,0.5393877029418945,1.6572678089141846,7.306361436843872,1.125,27,6.494543499416775,False
P08-R01-PastaSalad-88956-95015-F002120-F002295,1.4695250988006592,3.4216394424438477,0.5410306453704834,2.5632450580596924,8.528722286224365,7.291666666666667,175,1.16965334211077,False
P09-R02-TurkeySandwich-145350-147050-F003484-F003534,1.3099465370178223,3.184299945831299,0.55810546875,0.2860133647918701,5.618951797485352,2.0833333333333335,50,2.6970968627929683,False
P09-R02-TurkeySandwich-167550-171450-F004012-F004124,1.316728115081787,3.5762786865234375e-06,0.5979657173156738,2.6043291091918945,4.901286840438843,4.666666666666667,112,1.050275751522609,False
P09-R02-TurkeySandwich-194000-198300-F004646-F004770,1.3148083686828613,2.6226043701171875e-06,0.6003987789154053,2.562546491622925,4.8912513256073,5.166666666666667,124,0.9466938049562516,True
P09-R02-TurkeySandwich-251250-252850-F006026-F006073,1.3238561153411865,2.6226043701171875e-06,0.6059975624084473,1.65519380569458,3.809948205947876,1.9583333333333333,47,1.9455054668670007,False
P09-R02-TurkeySandwich-256100-260200-F006136-F006255,1.2988791465759277,2.6226043701171875e-06,0.5948483943939209,2.5765838623046875,4.859416723251343,4.958333333333333,119,0.9800504315801029,True
P09-R02-TurkeySandwich-278075-280675-F006667-F006743,1.2686476707458496,3.337860107421875e-06,0.5940759181976318,2.5785930156707764,4.73127555847168,3.1666666666666665,76,1.494087018464741,False
P09-R02-TurkeySandwich-291525-295275-F006987-F007096,1.2930498123168945,4.0531158447265625e-06,0.5919427871704102,2.5805678367614746,4.825302600860596,4.541666666666667,109,1.0624519488133422,False
P09-R02-TurkeySandwich-319475-323200-F007658-F007766,1.429297685623169,2.6226043701171875e-06,0.5987915992736816,2.5826547145843506,4.96010422706604,4.5,108,1.1022453837924533,False
P09-R02-TurkeySandwich-421224-425824-F010098-F010231,1.4139230251312256,3.337860107421875e-06,0.5804946422576904,2.5517067909240723,4.991742372512817,5.541666666666667,133,0.9007655409045685,True
P09-R02-TurkeySandwich-468800-471400-F011245-F011320,1.2885596752166748,2.6226043701171875e-06,0.5915219783782959,1.6949925422668457,3.9145219326019287,3.125,75,1.2526470184326173,False
P09-R02-TurkeySandwich-61500-87000-F001415-F002149,1.3920235633850098,3.0994415283203125e-06,0.6224591732025146,1.7124686241149902,4.343291759490967,30.583333333333332,734,0.1420149894111488,True
P10-R01-PastaSalad-1031649-1049949-F024715-F025243,1.3306500911712646,3.337860107421875e-06,0.5628418922424316,2.5290732383728027,5.0634260177612305,22.0,528,0.23015572808005594,True
P10-R01-PastaSalad-1052549-1056849-F025251-F025375,1.6931877136230469,4.76837158203125e-07,0.41910767555236816,2.444129228591919,4.810697317123413,5.166666666666667,124,0.9311027065400154,True
P10-R01-PastaSalad-105850-109350-F002532-F002633,1.482372522354126,2.86102294921875e-06,0.5486421585083008,1.6784746646881104,4.055677175521851,4.208333333333333,101,0.9637252694309348,True
P10-R01-PastaSalad-1128499-1133199-F027072-F027208,1.4403653144836426,2.86102294921875e-06,0.5475172996520996,2.5083069801330566,4.922302484512329,5.666666666666667,136,0.8686416149139404,True
P10-R01-PastaSalad-1350162-1370912-F032353-F032952,1.4633779525756836,2.6226043701171875e-06,0.5809874534606934,2.571800947189331,5.297191381454468,24.958333333333332,599,0.21224139090969488,True
P10-R01-PastaSalad-1823756-1828806-F043758-F043904,1.503831386566162,2.6226043701171875e-06,0.5747923851013184,1.7270386219024658,4.243048906326294,6.083333333333333,146,0.6974874914508977,True
P10-R01-PastaSalad-1882281-1886481-F045164-F045286,1.485168695449829,2.6226043701171875e-06,0.5548398494720459,2.584286689758301,5.007586479187012,5.083333333333333,122,0.985098979512199,True
P10-R01-PastaSalad-265079-272579-F006343-F006560,1.3783471584320068,3.6200852394104004,0.5356149673461914,2.5388314723968506,8.597251415252686,9.041666666666666,217,0.9508480827929238,True
P10-R01-PastaSalad-308279-309879-F007394-F007442,1.6657533645629883,7.152557373046875e-07,0.4159421920776367,2.4685873985290527,4.784897565841675,2.0,48,2.3924487829208374,False
P10-R01-PastaSalad-313111-315951-F007507-F007590,1.375288963317871,6.883952379226685,0.5588436126708984,2.578768253326416,11.705180168151855,3.4583333333333335,83,3.3846304100680062,False
P10-R01-PastaSalad-429048-430748-F010293-F010342,1.5279674530029297,3.814697265625e-06,0.5822334289550781,2.537257194519043,4.874675989151001,2.0416666666666665,49,2.38759640284947,False
P10-R01-PastaSalad-48817-76600-F001105-F001905,1.4859669208526611,2.6226043701171875e-06,0.5785865783691406,2.5447564125061035,5.262608766555786,33.333333333333336,800,0.15787826299667357,True
P10-R01-PastaSalad-692488-695688-F016612-F016704,1.4897558689117432,17.53823232650757,0.5789287090301514,2.6638755798339844,22.635586261749268,3.8333333333333335,92,5.904935546543287,False
P10-R01-PastaSalad-834049-836722-F020011-F020088,1.4485411643981934,3.3065073490142822,0.5654723644256592,1.720853567123413,7.330202579498291,3.2083333333333335,77,2.2847384663371297,False
P10-R01-PastaSalad-859563-865263-F020616-F020780,1.3581631183624268,3.0994415283203125e-06,0.543952226638794,2.5135860443115234,4.90849232673645,6.833333333333333,164,0.7183159502541147,True
P10-R02-TurkeySandwich-198700-202000-F004760-F004856,1.4599952697753906,1.6689300537109375e-06,0.6017472743988037,2.6053662300109863,5.010666847229004,4.0,96,1.252666711807251,False
P10-R02-TurkeySandwich-262237-266837-F006282-F006416,1.4630498886108398,3.0404927730560303,0.516956090927124,2.5073177814483643,7.970800876617432,5.583333333333333,134,1.427606127155361,False
