video_id,select_noun_time,knowledge_base_time,combine_actions_time,score_actions_time,total_inference_time,total_video_time
S2_CofHoney_C1_8_39,22.69130563735962,3.337860107421875e-06,0.8091385364532471,3.1496684551239014,39.0449161529541,39.0449161529541
S2_CofHoney_C1_49_67,1.9088773727416992,4.76837158203125e-06,0.7217135429382324,3.1725451946258545,6.136626243591309,6.136626243591309
S2_CofHoney_C1_70_122,2.2764158248901367,3.0994415283203125e-06,0.877741813659668,3.71730375289917,7.289462327957153,7.289462327957153
S2_CofHoney_C1_132_151,1.604581356048584,3.0994415283203125e-06,0.5584580898284912,2.5383787155151367,4.973572492599487,4.973572492599487
S2_CofHoney_C1_179_199,1.74094820022583,2.86102294921875e-06,0.9159336090087891,2.405919075012207,5.6541218757629395,5.6541218757629395
S2_CofHoney_C1_200_212,2.5449726581573486,3.0994415283203125e-06,0.568105936050415,1.6322417259216309,5.137838125228882,5.137838125228882
S2_CofHoney_C1_213_228,2.322824001312256,2.86102294921875e-06,0.5783979892730713,1.7537221908569336,5.117061138153076,5.117061138153076
S2_CofHoney_C1_230_240,1.8136792182922363,3.337860107421875e-06,0.6100795269012451,3.4432787895202637,6.3630452156066895,6.3630452156066895
S2_CofHoney_C1_258_279,1.9620466232299805,2.384185791015625e-06,0.7162930965423584,3.6498289108276367,6.930473566055298,6.930473566055298
S2_CofHoney_C1_280_299,2.0172133445739746,3.337860107421875e-06,0.6080074310302734,1.7084336280822754,5.009431600570679,5.009431600570679
S2_CofHoney_C1_304_321,1.6965572834014893,3.5762786865234375e-06,0.6359095573425293,2.6833691596984863,5.726165771484375,5.726165771484375
S2_CofHoney_C1_325_345,2.072920560836792,4.0531158447265625e-06,0.5672614574432373,1.6393697261810303,4.509963274002075,4.509963274002075
S2_CofHoney_C1_351_520,1.7908623218536377,3.5762786865234375e-06,0.6129567623138428,3.669243812561035,6.719285488128662,6.719285488128662
S2_CofHoney_C1_524_533,2.091773509979248,3.0994415283203125e-06,0.5673253536224365,4.0280866622924805,6.949762582778931,6.949762582778931
S2_CofHoney_C1_534_550,2.4454846382141113,2.6226043701171875e-06,0.5757145881652832,2.0070152282714844,5.35054612159729,5.35054612159729
S2_CofHoney_C1_553_568,2.2004451751708984,3.5762786865234375e-06,0.5169363021850586,2.5946898460388184,5.741485357284546,5.741485357284546
S2_CofHoney_C1_569_613,2.9121804237365723,3.5762786865234375e-06,0.539804220199585,2.527700662612915,6.492839813232422,6.492839813232422
S2_CofHoney_C1_622_672,2.486051082611084,2.6226043701171875e-06,0.5626986026763916,1.6556963920593262,5.376158714294434,5.376158714294434
S2_CofHoney_C1_679_690,2.006624698638916,3.5762786865234375e-06,0.5400676727294922,2.9606761932373047,6.33988094329834,6.33988094329834
S2_CofHoney_C1_691_703,2.0219268798828125,2.86102294921875e-06,0.7018725872039795,4.0272722244262695,7.606201410293579,7.606201410293579
S2_CofHoney_C1_713_802,2.6675219535827637,3.0994415283203125e-06,0.6946101188659668,2.887274980545044,6.679638385772705,6.679638385772705
S3_Pealate_C1_18_77,2.8949170112609863,3.0994415283203125e-06,0.6095767021179199,2.5491905212402344,6.751281499862671,6.751281499862671
S3_Pealate_C1_84_108,2.8911213874816895,3.337860107421875e-06,0.6044621467590332,3.583743095397949,7.583559036254883,7.583559036254883
S3_Pealate_C1_109_137,2.952599287033081,2.384185791015625e-06,0.5618875026702881,2.026374340057373,6.11854100227356,6.11854100227356
S3_Pealate_C1_142_185,2.119990348815918,2.384185791015625e-06,0.6102769374847412,2.6031205654144287,5.704528570175171,5.704528570175171
S3_Pealate_C1_202_253,2.259223699569702,3.0994415283203125e-06,0.7388875484466553,4.052758693695068,7.559441566467285,7.559441566467285
S3_Pealate_C1_279_369,1.8501980304718018,2.86102294921875e-06,0.6058125495910645,2.1116342544555664,5.432396173477173,5.432396173477173
S3_Pealate_C1_384_415,2.393570899963379,2.86102294921875e-06,0.8573834896087646,1.7556040287017822,5.62350869178772,5.62350869178772
S3_Pealate_C1_416_427,2.9706294536590576,3.814697265625e-06,0.9465594291687012,4.0327064990997314,8.17028021812439,8.17028021812439
S3_Pealate_C1_428_446,2.7790939807891846,2.384185791015625e-06,0.600858211517334,2.519604444503784,6.164784669876099,6.164784669876099
S3_Pealate_C1_447_481,2.264355182647705,2.86102294921875e-06,0.6174547672271729,3.0260214805603027,6.2745521068573,6.2745521068573
S3_Pealate_C1_519_558,2.8870136737823486,3.0994415283203125e-06,1.2490615844726562,3.0869295597076416,7.858693838119507,7.858693838119507
S3_Pealate_C1_580_725,2.160830497741699,2.86102294921875e-06,0.5906398296356201,1.6590361595153809,4.9450788497924805,4.9450788497924805
S3_Pealate_C1_741_802,2.6114654541015625,2.6226043701171875e-06,0.6131255626678467,2.0187556743621826,5.710110425949097,5.710110425949097
S3_Pealate_C1_803_814,2.105947256088257,2.86102294921875e-06,0.5409352779388428,2.0555174350738525,5.326890230178833,5.326890230178833
S3_Pealate_C1_815_834,2.2897565364837646,3.0994415283203125e-06,0.6080224514007568,1.7335891723632812,5.31361198425293,5.31361198425293
S3_Pealate_C1_837_881,2.756962299346924,2.6226043701171875e-06,0.5949814319610596,4.431220531463623,8.55138635635376,8.55138635635376
S3_Pealate_C1_899_946,2.3307888507843018,2.86102294921875e-06,0.6962566375732422,2.7789926528930664,6.153645992279053,6.153645992279053
S3_Pealate_C1_956_976,2.2676336765289307,3.0994415283203125e-06,0.5848937034606934,2.8654911518096924,6.024644374847412,6.024644374847412
S3_Pealate_C1_977_996,2.2158710956573486,3.337860107421875e-06,1.2814912796020508,3.4370546340942383,7.379381418228149,7.379381418228149
S3_Pealate_C1_1001_1049,2.8627676963806152,2.86102294921875e-06,0.572749137878418,2.974065065383911,7.033200979232788,7.033200979232788
S3_Pealate_C1_1050_1114,2.151073932647705,3.0994415283203125e-06,0.5243651866912842,4.472790718078613,7.906095504760742,7.906095504760742
S1_Tea_C1_12_52,2.837376832962036,2.6226043701171875e-06,0.5930485725402832,3.579211473464966,7.937603950500488,7.937603950500488
S1_Tea_C1_70_90,1.6880230903625488,3.0994415283203125e-06,0.5784945487976074,4.168307304382324,6.818666934967041,6.818666934967041
S1_Tea_C1_91_122,1.6096601486206055,2.86102294921875e-06,0.5637948513031006,2.398834466934204,5.042673349380493,5.042673349380493
S1_Tea_C1_122_305,1.4868385791778564,2.86102294921875e-06,0.5962052345275879,3.1840054988861084,5.862146615982056,5.862146615982056
S1_Tea_C1_320_337,2.1430656909942627,2.86102294921875e-06,0.5777578353881836,3.3615925312042236,6.441280364990234,6.441280364990234
S1_Tea_C1_338_352,2.184840202331543,1.9073486328125e-06,0.7704250812530518,2.52396559715271,5.8611531257629395,5.8611531257629395
S1_Tea_C1_358_387,2.023850917816162,2.384185791015625e-06,0.9382998943328857,3.1316022872924805,6.565422058105469,6.565422058105469
S1_Tea_C1_464_487,3.7343802452087402,2.1457672119140625e-06,0.5951864719390869,2.509556770324707,7.794571399688721,7.794571399688721
S1_Tea_C1_498_712,1.9676520824432373,1.9073486328125e-06,0.6010799407958984,2.596712589263916,6.367128849029541,6.367128849029541
S1_Tea_C1_755_1400,2.7593581676483154,4.79309344291687,0.5802497863769531,2.5807268619537354,12.527812004089355,12.527812004089355
S1_Tea_C1_1421_1447,1.6058876514434814,2.384185791015625e-06,0.571854829788208,3.810285806655884,6.582857847213745,6.582857847213745
S1_Tea_C1_1458_1492,2.1868245601654053,3.814697265625e-06,0.5921006202697754,2.592280387878418,6.1767120361328125,6.1767120361328125
S1_Tea_C1_1539_1564,1.9781272411346436,3.337860107421875e-06,0.9218852519989014,3.3285701274871826,6.569579124450684,6.569579124450684
S1_Tea_C1_1581_1620,3.0709962844848633,3.337860107421875e-06,1.3230061531066895,3.176588535308838,8.035683155059814,8.035683155059814
S1_Tea_C1_1621_1640,2.5332930088043213,3.337860107421875e-06,0.574664831161499,2.5362133979797363,6.211991310119629,6.211991310119629
S1_Tea_C1_1642_1670,2.124021053314209,2.86102294921875e-06,0.5747241973876953,2.0008175373077393,5.296821117401123,5.296821117401123
S1_Tea_C1_1671_1682,2.9427268505096436,3.0994415283203125e-06,0.6200239658355713,2.6442058086395264,6.934560775756836,6.934560775756836
S1_Tea_C1_1711_1743,2.0419418811798096,3.0994415283203125e-06,0.6099019050598145,1.826528787612915,5.284098386764526,5.284098386764526
S1_Tea_C1_1744_1782,1.914365291595459,7.62939453125e-06,0.5836265087127686,4.356314182281494,7.2216269969940186,7.2216269969940186
S1_Tea_C1_1797_1930,2.7907633781433105,3.337860107421875e-06,0.6797735691070557,2.525970697402954,6.7224955558776855,6.7224955558776855
S4_Tea_C1_19_55,2.217082977294922,3.337860107421875e-06,0.9011392593383789,4.006946086883545,7.787932872772217,7.787932872772217
S4_Tea_C1_66_89,1.9025373458862305,2.86102294921875e-06,0.5266470909118652,3.799006700515747,6.597349166870117,6.597349166870117
S4_Tea_C1_93_111,1.8892321586608887,2.6226043701171875e-06,0.5465915203094482,3.72426176071167,6.633705139160156,6.633705139160156
S4_Tea_C1_129_231,2.3547215461730957,2.86102294921875e-06,0.5385274887084961,2.5390090942382812,6.155387878417969,6.155387878417969
S4_Tea_C1_247_256,2.413173198699951,4.5299530029296875e-06,0.8972179889678955,4.009384632110596,8.160662412643433,8.160662412643433
S4_Tea_C1_257_272,1.6539785861968994,2.86102294921875e-06,0.5817811489105225,1.6561272144317627,4.453360080718994,4.453360080718994
S4_Tea_C1_277_304,2.2519800662994385,4.678651809692383,0.5525636672973633,3.665123224258423,11.388591289520264,11.388591289520264
S4_Tea_C1_381_468,3.0486714839935303,4.0531158447265625e-06,0.5640377998352051,3.6409225463867188,8.370311260223389,8.370311260223389
S4_Tea_C1_506_678,2.0358521938323975,3.814697265625e-06,0.6809539794921875,5.140805244445801,9.083056449890137,9.083056449890137
S4_Tea_C1_707_744,1.7446184158325195,3.0994415283203125e-06,0.545393705368042,3.4942238330841064,6.551944255828857,6.551944255828857
S4_Tea_C1_753_787,2.244220495223999,3.814697265625e-06,0.6144542694091797,3.93528413772583,7.195599555969238,7.195599555969238
S4_Tea_C1_808_842,2.4724924564361572,3.0994415283203125e-06,0.6310584545135498,3.7886641025543213,7.3186750411987305,7.3186750411987305
S4_Tea_C1_862_886,1.8055598735809326,2.384185791015625e-06,0.5669550895690918,2.414778470993042,5.298080682754517,5.298080682754517
S4_Tea_C1_887_893,3.1576342582702637,3.5762786865234375e-06,0.5474991798400879,3.4288015365600586,7.714089870452881,7.714089870452881
S4_Tea_C1_896_916,2.090024471282959,2.86102294921875e-06,0.5614147186279297,2.146411657333374,5.408769607543945,5.408769607543945
S4_Tea_C1_917_923,2.45245361328125,3.814697265625e-06,1.129580020904541,2.3965439796447754,6.656003713607788,6.656003713607788
S4_Tea_C1_931_975,1.8288960456848145,3.5762786865234375e-06,0.9177982807159424,3.9362237453460693,7.432633638381958,7.432633638381958
S4_Tea_C1_989_1016,1.9903278350830078,3.814697265625e-06,0.5584325790405273,1.6511199474334717,4.9136059284210205,4.9136059284210205
S4_Tea_C1_1017_1036,3.2936418056488037,3.337860107421875e-06,0.851891279220581,2.5513038635253906,6.9149720668792725,6.9149720668792725
S4_Tea_C1_1051_1127,2.3429877758026123,3.5762786865234375e-06,0.9481368064880371,3.2804315090179443,6.9604761600494385,6.9604761600494385
S1_Cheese_C1_13_71,5.43535852432251,3.0994415283203125e-06,0.959691047668457,3.9495887756347656,11.212727785110474,11.212727785110474
S1_Cheese_C1_100_172,2.4240169525146484,3.337860107421875e-06,0.5914618968963623,3.5146543979644775,7.322857856750488,7.322857856750488
S1_Cheese_C1_172_270,1.7206759452819824,2.384185791015625e-06,0.5720922946929932,2.6083884239196777,5.687994718551636,5.687994718551636
S1_Cheese_C1_269_303,3.892376661300659,3.5762786865234375e-06,1.0173649787902832,2.900320529937744,8.019521713256836,8.019521713256836
S1_Cheese_C1_306_328,3.0988738536834717,3.337860107421875e-06,0.6501972675323486,2.7565693855285645,6.826374292373657,6.826374292373657
S1_Cheese_C1_350_370,4.278562307357788,2.86102294921875e-06,1.12115478515625,2.5938494205474854,8.457709074020386,8.457709074020386
S1_Cheese_C1_380_470,4.322905540466309,3.0994415283203125e-06,0.7622151374816895,3.1948704719543457,8.903944730758667,8.903944730758667
S1_Cheese_C1_470_490,2.6216886043548584,2.86102294921875e-06,0.5647366046905518,4.34840726852417,8.309885263442993,8.309885263442993
S1_Cheese_C1_491_515,3.454965829849243,2.86102294921875e-06,0.5621867179870605,3.363581895828247,8.277169704437256,8.277169704437256
S1_Cheese_C1_516_531,2.0568430423736572,3.337860107421875e-06,0.5277516841888428,3.2991020679473877,6.08066987991333,6.08066987991333
S1_Cheese_C1_537_584,1.5209767818450928,2.86102294921875e-06,0.529491662979126,4.510983943939209,6.857036590576172,6.857036590576172
S1_Cheese_C1_588_649,1.9695420265197754,3.0994415283203125e-06,0.5628166198730469,3.2043113708496094,6.195266485214233,6.195266485214233
S1_Cheese_C1_660_680,2.4082865715026855,2.6226043701171875e-06,0.5643327236175537,2.594848394393921,6.169663429260254,6.169663429260254
S1_Cheese_C1_681_694,3.685147285461426,3.0994415283203125e-06,1.1458935737609863,2.8968098163604736,8.440596580505371,8.440596580505371
S1_Cheese_C1_700_748,3.055558919906616,3.814697265625e-06,0.5708913803100586,2.535250425338745,6.9927449226379395,6.9927449226379395
S1_Cheese_C1_749_790,2.234450340270996,3.337860107421875e-06,0.5185983180999756,2.8563990592956543,6.117117643356323,6.117117643356323
S3_Coffee_C1_21_101,2.927172899246216,6.67572021484375e-06,1.0283551216125488,2.534609079360962,7.152972936630249,7.152972936630249
S3_Coffee_C1_117_140,2.626544952392578,3.5762786865234375e-06,0.7854835987091064,2.6379101276397705,6.598060369491577,6.598060369491577
